vault_name,protocol,category,underlying_assets,strategy_summary,tvl_usd,base_apy,reward_apy,net_apy_7d,net_apy_30d,risk_flags,audits,withdrawal_terms,vault_address,source_url,underlying_asset_class,risk_score,risk_tier,protocol_url,protocol_tier
Lido Staked ETH (stETH),Lido,restaking,ETH,Liquid staking token; rebasing receipt for ETH staked across Lido node operators,15584466012,2.51,n/a,2.43,2.45,"depeg_risk,centralized_dependency,withdraw_queue","Sigma Prime, MixBytes, Statemind",withdraw queue (unstaking ~1-5 days),0xae7ab96520de3a18e5e111b5eaab095312d7fe84,https://defillama.com/yields/pool/747c1d2a-c668-4682-b9f9-296708a3dd90,eth,3,Medio,https://lido.fi,Tier 1
Savings USDS (sUSDS),Sky,yield_aggregator,USDS,ERC4626 savings token accruing the governance-set Sky Savings Rate on deposited USDS,6157101013,3.6,n/a,3.6,3.64,"depeg_risk,centralized_dependency","ChainSecurity, Cantina",instant,0xa3931d71877c0e7a3148cb7eb4463524fec27fbd,https://defillama.com/yields/pool/d8c4eff5-c8a9-46fc-a888-057c4c668e72,stable,1,Bajo,https://app.sky.money/,Tier 1
Wrapped Binance Beacon ETH (wBETH),Binance,restaking,ETH,Binance liquid staking token; value-accruing wrapper over ETH staked by Binance,6101750376,2.64,n/a,2.47,2.48,"depeg_risk,centralized_dependency,withdraw_queue","PeckShield, SlowMist, Supremacy",redemption via Binance (off-chain process),0xa2e3356610840701bdf5611a53974510ae27e2e1,https://defillama.com/yields/pool/80b8bf92-b953-4c20-98ea-c9653ef2bb98,eth,3,Medio,https://www.binance.com/en/wbeth,Tier 2
Syrup USDC,Maple Finance,lending,USDC,"Deposit USDC; pooled lending to vetted institutional borrowers posting collateral, earning interest.",3087592550,4.62,0,4.64,4.83,"depeg_risk,liquidation_risk,centralized_dependency","Spearbit, Three Sigma",instant (subject to liquidity),0x80ac24aa929eaf5013f6436cda2a7ba190f5cc0b,https://defillama.com/yields/pool/43641cf5-a92e-416b-bce9-27113d3c0db6,stable,2,Bajo,https://syrup.fi,Tier 1
Wrapped eETH (weETH),ether.fi,restaking,ETH,"Liquid restaking token; staked ETH restaked via EigenLayer, wrapped non-rebasing weETH accrues yield.",3020543776,2.97,0.06,2.8,2.69,"depeg_risk,centralized_dependency","Certora, Nethermind, Zellic, Omniscia",withdraw queue (unstake to ETH),0xcd5fe23c85820f7b72d0926fc9b05b43e359b7ee,https://defillama.com/yields/pool/46bd2bdf-6d92-4066-b482-e885ee172264,eth,2,Bajo,https://www.ether.fi,Tier 1
Rocket Pool ETH (rETH),Rocket Pool,restaking,ETH,Decentralized liquid staking token; value-accruing receipt for ETH staked via Rocket Pool node operators,2385914801,2.06,n/a,2.05,2.04,"depeg_risk,centralized_dependency","Sigma Prime, ConsenSys Diligence, Trail of Bits",instant (subject to deposit pool liquidity),0xae78736cd615f374d3085123a210448e74fc6393,https://defillama.com/yields/pool/d4b3c522-6127-4b89-bedf-83641cdcd2eb,eth,2,Bajo,https://rocketpool.net,Tier 1
SparkLend spWstETH,SparkLend,lending,wstETH,Supply wstETH to SparkLend (Aave v3 fork) money market; earn supply interest via spToken.,2076083177,0,n/a,0.0,0,"liquidation_risk,depeg_risk","ChainSecurity, Cantina",instant (subject to utilization),0x12b54025c112aa61face2cdb7118740875a566e9,https://defillama.com/yields/pool/3b45941c-16cb-48c5-a490-16c6c4f1d86a,eth,2,Bajo,https://app.spark.fi/markets,Tier 1
Aave v3 WBTC (aEthWBTC),Aave v3,lending,WBTC,Supply WBTC to Aave v3 Core market; receive aToken earning variable borrow-driven interest.,1889945010,0.01,n/a,0.01,0.01,"depeg_risk,liquidation_risk","SigmaPrime, OpenZeppelin, Trail of Bits, Certora, ABDK, PeckShield",instant (subject to utilization),0x5ee5bf7ae06d1be5997a1a72006fe6c607ec6de8,https://defillama.com/yields/pool/7e382157-b1bc-406d-b17b-facba43b716e,btc,2,Bajo,https://app.aave.com/reserve-overview/?underlyingAsset=0x2260fac5e5542a773aa44fbcfedf7c193bc2c599&marketName=proto_mainnet_v3,Tier 1
Aave v3 weETH (aEthweETH),Aave v3,lending,weETH,Supply weETH (ether.fi LRT) to Aave v3 Core; receive aToken earning supply interest.,1844943043,0.0,n/a,0.0,0.0,"depeg_risk,liquidation_risk","SigmaPrime, OpenZeppelin, Trail of Bits, Certora, ABDK, PeckShield",instant (subject to utilization),0xbdfa7b7893081b35fb54027489e2bc7a38275129,https://defillama.com/yields/pool/db678df9-3281-4bc2-a8bb-01160ffd6d48,eth,2,Bajo,https://app.aave.com/reserve-overview/?underlyingAsset=0xcd5fe23c85820f7b72d0926fc9b05b43e359b7ee&marketName=proto_mainnet_v3,Tier 1
Staked USDe (sUSDe),Ethena,basis_trade,USDe,ERC-4626 staking vault distributing delta-neutral basis-trade yield from USDe collateral,1737855214,3.89,n/a,3.82,3.86,"depeg_risk,centralized_dependency,lockup","Spearbit, Quantstamp, Cyfrin",7d unstaking cooldown,0x9d39a5de30e57443bff2a8307a4256c8797a3497,https://defillama.com/yields/pool/66985a81-9c51-46ca-9977-42b4fe7bc6df,stable,3,Medio,https://app.ethena.fi,Tier 1
Aave v3 wstETH (aEthwstETH),Aave v3,lending,wstETH,Supply wstETH (Lido LST) to Aave v3 Core; receive aToken earning supply interest.,1429469273,0.0,n/a,0.0,0.0,"depeg_risk,liquidation_risk","SigmaPrime, OpenZeppelin, Trail of Bits, Certora, ABDK, PeckShield",instant (subject to utilization),0x0b925ed163218f6662a35e0f0371ac234f9e9371,https://defillama.com/yields/pool/e6435aae-cbe9-4d26-ab2c-a4d533db9972,eth,2,Bajo,https://app.aave.com/reserve-overview/?underlyingAsset=0x7f39c581f595b53c5cb19bd0b3f8da6c935e2ca0&marketName=proto_mainnet_v3,Tier 1
Spark USDT Savings Vault (spUSDT),Spark,yield_aggregator,USDT,ERC4626 vault; USDT deployed via Spark Liquidity Layer across curated yield strategies,1263601458,2.5,n/a,2.5,2.5,"depeg_risk,centralized_dependency","ChainSecurity, Cantina",instant (subject to available liquidity),0xe2e7a17dff93280dec073c995595155283e3c372,https://defillama.com/yields/pool/a5d67f7e-5b51-4a9d-969d-caf051a7f5a4,stable,1,Bajo,https://app.spark.fi/savings/mainnet/spusdt,Tier 1
US Dollar Yield (USDY),Ondo Finance,rwa,USDC,Tokenized note backed by short-term US Treasuries and bank deposits; yield-accruing USDY.,1097374822,3.55,n/a,3.55,3.55,"depeg_risk,centralized_dependency,lockup",none found,KYC redemption window,0x96f6ef951840721adbf46ac996b59e0235cb985c,https://defillama.com/yields/pool/ac61ee82-2fe4-4f9b-a9cd-7fb33f598859,stable,3,Medio,https://ondo.finance/usdy,Tier 1
Kelp rsETH,Kelp DAO,restaking,"stETH,ETHx,ETH","Liquid restaking token; deposits LSTs/ETH restaked via EigenLayer, value-accruing rsETH",1067814498,3.77,n/a,3.58,2.28,"depeg_risk,centralized_dependency,withdraw_queue","Sigma Prime, Code4rena, Nethermind",withdraw queue (unbonding via EigenLayer ~7d),0xa1290d69c65a6fe4df752f95823fae25cb99e5a7,https://defillama.com/yields/pool/33c732f6-a78d-41da-af5b-ccd9fa5e52d5,eth,3,Medio,https://kelpdao.xyz,Tier 2
Aave v3 cbBTC (aEthcbBTC),Aave v3,lending,cbBTC,Supply cbBTC (Coinbase wrapped BTC) to Aave v3 Core; receive aToken earning supply interest.,1028179899,0.0,n/a,0.0,0.0,"depeg_risk,liquidation_risk","SigmaPrime, OpenZeppelin, Trail of Bits, Certora, ABDK, PeckShield",instant (subject to utilization),0x5c647ce0ae10658ec44fa4e11a51c96e94efd1dd,https://defillama.com/yields/pool/b1986007-81f3-4150-9565-94d5a4066ce4,btc,2,Bajo,https://app.aave.com/reserve-overview/?underlyingAsset=0xcbb7c0000ab88b473b1f5afd9ef808440eed33bf&marketName=proto_mainnet_v3,Tier 1
Syrup USDT,Maple Finance,lending,USDT,"Deposit USDT; pooled lending to vetted institutional borrowers posting collateral, earning interest.",882150528,4.0,0,4.08,4.29,"depeg_risk,liquidation_risk,centralized_dependency","Spearbit, Three Sigma",instant (subject to liquidity),0x356b8d89c1e1239cbbb9de4815c39a1474d5ba7d,https://defillama.com/yields/pool/8edfdf02-cdbb-43f7-bca6-954e5fe56813,stable,2,Bajo,https://syrup.fi,Tier 1
Janus Henderson Anemoy Treasury Fund (JTRSY),Centrifuge,rwa,USDS,Tokenized short-term US Treasury fund (Janus Henderson/Anemoy) on Centrifuge; ERC-7540 async share.,865132548,3.24,n/a,2.93,3.2,"depeg_risk,centralized_dependency,lockup,withdraw_queue",none found,epoch settlement (KYC),0x8c213ee79581ff4984583c6a801e5263418c4b86,https://defillama.com/yields/pool/ff1bb959-d160-4906-bad2-d3e37a1e92e8,stable,4,Medio,https://www.anemoy.io/funds/jtrsy,Tier 2
BlackRock USD Institutional Digital Liquidity Fund - I Class (BUIDL-I),BlackRock / Securitize,rwa,USDC,"Tokenized money-market fund (cash, US Treasuries, repo); I-class share, daily dividend accrual.",838789220,3.54,n/a,3.55,3.56,"depeg_risk,centralized_dependency,lockup",none found,KYC redemption T+0,0x6a9da2d710bb9b700acde7cb81f10f1ff8c89041,https://defillama.com/yields/pool/b663ca59-c7e6-4435-ae4a-28d339ce6a15,stable,3,Medio,https://securitize.io/primary-market/the-blackrock-usd-institutional-digital-liquidity-fund,Tier 1
SparkLend spUSDS,SparkLend,lending,USDS,Supply USDS to SparkLend money market; earn supply interest plus SPK farming incentives.,812311434,n/a,2.69,3.09,3.59,"liquidation_risk,depeg_risk","ChainSecurity, Cantina",instant (subject to utilization),0xc02ab1a5eaa8d1b114ef786d9bde108cd4364359,https://defillama.com/yields/pool/54e9b138-3146-4c1f-8dce-1cb948f5ef96,stable,1,Bajo,https://app.spark.fi/markets,Tier 1
Superstate Short Duration US Government Securities Fund (USTB),Superstate (Invesco-managed),rwa,USTB,Tokenized fund holding short-duration US Treasury bills and agency securities; KYC-gated,736960403,3.72,n/a,3.44,3.31,"centralized_dependency,lockup",none found,KYC redemption (T+0/T+1 window),0x43415eb6ff9db7e26a15b704e7a3edce97d31c4e,https://defillama.com/yields/pool/1910847a-f8b5-40ce-a1ab-1dafdded5fbb,stable,2,Bajo,https://superstate.com/assets/ustb,Tier 1
Liquid Staked ETH (LsETH),Liquid Collective,restaking,ETH,"Enterprise liquid staking token; ETH staked across vetted node operators, value accrues via exchange rate.",615801023,2.57,n/a,2.38,2.26,"depeg_risk,centralized_dependency,withdraw_queue","Spearbit, Halborn",redemption via validator exit queue,0x8c1bed5b9a0928467c9b1341da1d7bd5e10b6549,https://defillama.com/yields/pool/465d177e-3d0d-42c0-b5f5-31c857567135,eth,3,Medio,https://liquidcollective.io,Tier 2
Aave v3 WETH (aEthWETH),Aave v3,lending,WETH,Supply WETH to Aave v3 Core market; receive aToken earning variable supply interest.,615272367,1.4,n/a,1.42,1.6,liquidation_risk,"SigmaPrime, OpenZeppelin, Trail of Bits, Certora, ABDK, PeckShield",instant (subject to utilization),0x4d5f47fa6a74757f35c14fd3a6ef8e3c9bc514e8,https://defillama.com/yields/pool/e880e828-ca59-4ec6-8d4f-27182a4dc23d,eth,1,Bajo,https://app.aave.com/reserve-overview/?underlyingAsset=0xc02aaa39b223fe8d0a0e5c4f27ead9083c756cc2&marketName=proto_mainnet_v3,Tier 1
Lombard Staked BTC (LBTC),Lombard,restaking,BTC,Liquid staked BTC 1:1 backed by BTC staked via Babylon; yield-bearing cross-chain token.,576445302,0.33,n/a,0.33,0.34,"depeg_risk,centralized_dependency,withdraw_queue","Halborn, OpenZeppelin",redemption via unstaking queue,0x8236a87084f8b84306f72007f36f2618a5634494,https://defillama.com/yields/pool/c9762afb-7746-4b5a-a484-a8881a348999,btc,3,Medio,https://www.lombard.finance,Tier 2
Concrete Delta WeETH (ctDeltaWeETH),Concrete,basis_trade,weETH,Delta-neutral weETH vault; LST yield plus hedged basis/funding strategies via keeper,532648511,0,n/a,0.0,0,"depeg_risk,centralized_dependency,withdraw_queue","Spearbit, Hexens",epoch settlement,0xb9dc54c8261745cb97070cefbe3d3d815aee8f20,https://defillama.com/yields/pool/2393da89-4672-4812-b45a-7c8552603a20,eth,3,Medio,https://app.concrete.xyz/earn,Tier 3
Usual bUSD0 (USD0++ bond),Usual,rwa,USD0,"Yield-bearing bond locking USD0 (T-bill-backed stablecoin) until maturity, accruing USUAL rewards.",507616197,n/a,2.84,3.15,3.47,"depeg_risk,centralized_dependency,lockup","Halborn, Cantina, Sherlock",locked until maturity (2028) or floor-price exit,0x35d8949372d46b7a3d5a56006ae77b215fc69bc0,https://defillama.com/yields/pool/55b0893b-1dbb-47fd-9912-5e439cd3d511,stable,3,Medio,https://app.usual.money,Tier 2
Mantle Staked Ether (mETH),mETH Protocol,restaking,ETH,"Liquid staking token; ETH staked across node operators, value accrues via exchange rate.",399870731,1.74,n/a,2.27,2.12,"depeg_risk,centralized_dependency,withdraw_queue","Verilog, Secure3, OpenZeppelin",redemption via unstake request queue,0xd5f7838f5c461feff7fe49ea5ebaf7728bb0adfa,https://defillama.com/yields/pool/b9f2f00a-ba96-4589-a171-dde979a23d87,eth,3,Medio,https://meth.mantle.xyz,Tier 2
Aave v3 USDT (aEthUSDT),Aave v3,lending,USDT,Supply USDT to Aave v3 Core market; receive aToken earning variable supply interest.,390461829,2.73,n/a,2.57,2.9,"depeg_risk,liquidation_risk","SigmaPrime, OpenZeppelin, Trail of Bits, Certora, ABDK, PeckShield",instant (subject to utilization),0x23878914efe38d27c4d67ab83ed1b93a74d4086a,https://defillama.com/yields/pool/f981a304-bb6c-45b8-b0c5-fd2f515ad23a,stable,1,Bajo,https://app.aave.com/reserve-overview/?underlyingAsset=0xdac17f958d2ee523a2206206994597c13d831ec7&marketName=proto_mainnet_v3,Tier 1
SparkLend spCbBTC,SparkLend,lending,cbBTC,Supply cbBTC to SparkLend money market; earn supply interest via spToken.,312779087,0.0,n/a,0.0,0.0,"liquidation_risk,depeg_risk","ChainSecurity, Cantina",instant (subject to utilization),0xb3973d459df38ae57797811f2a1fd061da1bc123,https://defillama.com/yields/pool/00d1e1f8-b3c8-4350-a247-5da693d2d4dd,btc,2,Bajo,https://app.spark.fi/markets,Tier 1
Spark USDC Savings Vault (spUSDC),Spark,yield_aggregator,USDC,ERC4626 vault; USDC deployed via Spark Liquidity Layer across curated yield strategies,303246548,3.6,n/a,3.6,3.64,"depeg_risk,centralized_dependency","ChainSecurity, Cantina",instant (subject to available liquidity),0x28b3a8fb53b741a8fd78c0fb9a6b2393d896a43d,https://defillama.com/yields/pool/c5c74dd1-995c-4445-9d84-3e710bad7d52,stable,1,Bajo,https://app.spark.fi/savings/mainnet/spusdc,Tier 1
Sentora PYUSD,Morpho (Sentora curator),lending,PYUSD,Curated MetaMorpho vault lending PYUSD across isolated Morpho Blue markets,291316153,1.6,3.35,4.96,5.11,"depeg_risk,liquidation_risk,centralized_dependency","Morpho MetaMorpho: Spearbit, OpenZeppelin, Cantina",instant (subject to utilization),0x19b3cd7032b8c062e8d44eacad661a0970dd8c55,https://defillama.com/yields/pool/699f25fe-09f4-4f82-8f58-baa5b0af8fa4,stable,2,Bajo,https://app.morpho.org/ethereum/vault/0x19b3cD7032B8C062E8d44EaCad661a0970DD8c55/sentora-pyusd,Tier 1
SparkLend spWETH,SparkLend,lending,WETH,Supply WETH to SparkLend money market; earn supply interest via spToken.,255468314,1.31,n/a,1.35,1.4,liquidation_risk,"ChainSecurity, Cantina",instant (subject to utilization),0x59cd1c87501baa753d0b5b5ab5d8416a45cd71db,https://defillama.com/yields/pool/24195b31-d749-445f-bf9e-b65aa025ebdd,eth,1,Bajo,https://app.spark.fi/markets,Tier 1
Aave v3 sUSDe (aEthsUSDe),Aave v3,lending,sUSDe,Supply Ethena sUSDe to Aave v3 Core; receive aToken earning supply interest plus rewards.,244570059,0,3.07,3.03,2.6,"depeg_risk,liquidation_risk","SigmaPrime, OpenZeppelin, Trail of Bits, Certora, ABDK, PeckShield",instant (subject to utilization),0x4579a27af00a62c0eb156349f31b345c08386419,https://defillama.com/yields/pool/29932dea-cd71-44c3-95bd-3e1525f4e3dd,stable,1,Bajo,https://app.aave.com/reserve-overview/?underlyingAsset=0x9d39a5de30e57443bff2a8307a4256c8797a3497&marketName=proto_mainnet_v3,Tier 1
StakeWise Staked ETH (osETH),StakeWise,restaking,ETH,Liquid staking token minted against ETH staked in StakeWise V2/V3 vaults; overcollateralized.,235969274,2.41,n/a,n/a,2.31,"depeg_risk,centralized_dependency,withdraw_queue","Sigma Prime, Halborn",redemption via validator exit queue,0xf1c9acdc66974dfb6decb12aa385b9cd01190e38,https://defillama.com/yields/pool/4d01599c-69ae-41a3-bae1-5fab896f04c8,eth,3,Medio,https://app.stakewise.io,Tier 2
Coinbase Wrapped Staked ETH (cbETH),Coinbase,restaking,ETH,Coinbase-issued liquid staking token representing ETH staked via Coinbase; value accrues via exchange rate.,227003508,3.13,n/a,n/a,2.85,"depeg_risk,centralized_dependency",OpenZeppelin,"redeem via Coinbase (centralized, KYC)",0xbe9895146f7af43049ca1c1ae358b0541ea49704,https://defillama.com/yields/pool/0f45d730-b279-4629-8e11-ccb5cc3038b4,eth,2,Bajo,https://www.coinbase.com/cbeth,Tier 1
Savings DAI (sDAI),Sky (Spark/Maker DSR),yield_aggregator,DAI,ERC4626 savings token accruing the DAI Savings Rate (DSR) on deposited DAI,219816814,1.25,n/a,n/a,1.25,"depeg_risk,centralized_dependency",ChainSecurity,instant,0x83f20f44975d03b1b09e64809b757c47f942beea,https://defillama.com/yields/pool/c8a24fee-ec00-4f38-86c0-9f6daebc4225,stable,1,Bajo,https://app.sky.money/,Tier 1
Short-term US Government Securities (OUSG),Ondo Finance,rwa,USDC,Tokenized fund holding short-term US Treasury/T-bill exposure (incl. BUIDL); OUSG accrues yield.,218578313,3.42,n/a,n/a,3.45,"depeg_risk,centralized_dependency,lockup",none found,KYC redemption (instant via stablecoin window),0x1b19c19393e2d034d8ff31ff34c81252fcbbee92,https://defillama.com/yields/pool/7436db9b-2872-46c8-81a2-da6baff902b7,stable,3,Medio,https://ondo.finance/ousg,Tier 1
Apyx apyUSD Vault,Apyx,rwa,apxUSD,ERC-4626 vault wrapping apxUSD; accrues dividends from Digital Asset Treasury preferred-equity shares.,216191239,10.98,n/a,n/a,10.73,"depeg_risk,centralized_dependency",none found,unlock/redeem to apxUSD,0x38eeb52f0771140d10c4e9a9a72349a329fe8a6a,https://defillama.com/yields/pool/cb6139f9-4a68-4efd-8245-0312a92aee55,stable,1,Bajo,https://app.apyx.fi,Tier 3
Sentora RLUSD Main,Morpho (Sentora curator),lending,RLUSD,Curated Morpho Vault V2 lending RLUSD across isolated Morpho Blue markets,207378823,1.81,3.71,n/a,5.15,"depeg_risk,liquidation_risk,centralized_dependency","Morpho Vault V2: Spearbit, OpenZeppelin, Cantina",instant (subject to utilization),0x6dc58a0fdfc8d694e571dc59b9a52eeea780e6bf,https://defillama.com/yields/pool/2e53bb82-f13f-4157-a3bf-b1a91b94b6a4,stable,2,Bajo,https://app.morpho.org/ethereum/vault/0x6dC58a0FdfC8D694e571DC59B9A52EEEa780E6bf,Tier 1
Stader ETHx,Stader,restaking,ETH,Liquid staking token; ETH staked across permissioned and permissionless node operators.,205899092,2.25,n/a,n/a,2.32,"depeg_risk,centralized_dependency,withdraw_queue","Halborn, Code4rena, Sigma Prime",redemption via unstake queue,0xa35b1b31ce002fbf2058d22f30f95d405200a15b,https://defillama.com/yields/pool/90bfb3c2-5d35-4959-a275-ba5085b08aa3,eth,3,Medio,https://www.staderlabs.com/eth,Tier 2
SparkLend spLBTC,SparkLend,lending,LBTC,Supply LBTC to SparkLend money market; earn supply interest via spToken.,187048765,0,n/a,n/a,0,"liquidation_risk,depeg_risk","ChainSecurity, Cantina",instant (subject to utilization),0xa9d4ecebd48c282a70cfd3c469d6c8f178a5738e,https://defillama.com/yields/pool/ff17b423-bccc-4d12-9a72-68bde120ac62,btc,2,Bajo,https://app.spark.fi/markets,Tier 1
Aave v3 osETH (aEthosETH),Aave v3,lending,osETH,Supply osETH (StakeWise LST) to Aave v3 Core; receive aToken earning supply interest.,185950567,0,n/a,n/a,0,"depeg_risk,liquidation_risk","SigmaPrime, OpenZeppelin, Trail of Bits, Certora, ABDK, PeckShield",instant (subject to utilization),0x927709711794f3de5ddbf1d176bee2d55ba13c21,https://defillama.com/yields/pool/e043585f-923f-4009-934f-005232f34a27,eth,2,Bajo,https://app.aave.com/reserve-overview/?underlyingAsset=0xf1c9acdc66974dfb6decb12aa385b9cd01190e38&marketName=proto_mainnet_v3,Tier 1
Aave v3 USDC (aEthUSDC),Aave v3,lending,USDC,Supply USDC to Aave v3 Core market; receive aToken earning variable supply interest.,185761776,3.24,n/a,n/a,3.75,"depeg_risk,liquidation_risk","SigmaPrime, OpenZeppelin, Trail of Bits, Certora, ABDK, PeckShield",instant (subject to utilization),0x98c23e9d8f34fefb1b7bd6a91b7ff122f4e16f5c,https://defillama.com/yields/pool/aa70268e-4b52-42bf-a116-608b370f9501,stable,1,Bajo,https://app.aave.com/reserve-overview/?underlyingAsset=0xa0b86991c6218b36c1d19d4a2e9eb0ce3606eb48&marketName=proto_mainnet_v3,Tier 1
BlackRock USD Institutional Digital Liquidity Fund (BUIDL),BlackRock / Securitize,rwa,USDC,"Tokenized money-market fund (cash, US Treasuries, repo); original share class, daily dividend accrual.",178575733,3.2,n/a,n/a,3.21,"depeg_risk,centralized_dependency,lockup",none found,KYC redemption T+0,0x7712c34205737192402172409a8f7ccef8aa2aec,https://defillama.com/yields/pool/b2b1d98f-cac1-4e7b-8cd8-d67b576fd259,stable,3,Medio,https://securitize.io/primary-market/the-blackrock-usd-institutional-digital-liquidity-fund,Tier 1
Janus Henderson Anemoy AAA CLO Fund (JAAA),Centrifuge,rwa,USDC,Tokenized AAA-rated CLO fund (floating-rate) by Janus Henderson/Anemoy on Centrifuge; ERC-7540 async.,174588835,2.32,n/a,n/a,4.1,"depeg_risk,centralized_dependency,lockup,withdraw_queue",none found,epoch settlement (KYC),0x5a0f93d040de44e78f251b03c43be9cf317dcf64,https://defillama.com/yields/pool/325645ce-4e97-49cb-a8e8-d0100c3aea7b,stable,4,Medio,https://www.anemoy.io/funds/jaaa,Tier 2
Re Protocol reUSD,Re,other,"USDC,USDT,USDe,sUSDe",Senior-tranche deposit token channeling stablecoin capital into collateralized reinsurance contracts.,174501444,5.23,n/a,5.1,5.61,"depeg_risk,centralized_dependency,withdraw_queue",none found,redemption via withdrawal request,0x5086bf358635b81d8c47c66d1c8b9e567db70c72,https://defillama.com/yields/pool/1c312830-ee96-40c9-b55f-b0f209ca6ebd,stable,2,Bajo,https://www.re.xyz,Tier 3
Fluid wstETH (fwstETH),Fluid,lending,wstETH,Supply wstETH to Fluid permissionless money market; earn borrower interest via ERC4626 fToken.,163744189,0.03,n/a,0.04,0.06,"liquidation_risk,depeg_risk","StateMind, MixBytes",instant (subject to utilization),0x2411802d8bea09be0af8fd8d08314a63e706b29c,https://defillama.com/yields/pool/69b12bf9-edb6-46d9-b5bc-761cf9efe137,eth,2,Bajo,https://fluid.io/lending/1,Tier 1
Aave v3 USDe (aEthUSDe),Aave v3,lending,USDe,Supply Ethena USDe to Aave v3 Core; receive aToken earning supply interest plus rewards.,156371762,1.0,3.07,4.18,5.14,"depeg_risk,liquidation_risk","SigmaPrime, OpenZeppelin, Trail of Bits, Certora, ABDK, PeckShield",instant (subject to utilization),0x4f5923fc5fd4a93352581b38b7cd26943012decf,https://defillama.com/yields/pool/21e1ac8a-b3aa-4576-9506-0b40137721a0,stable,1,Bajo,https://app.aave.com/reserve-overview/?underlyingAsset=0x4c9edd5852cd905f086c759e8383e09bff1e68b3&marketName=proto_mainnet_v3,Tier 1
SparkLend spWBTC,SparkLend,lending,WBTC,Supply WBTC to SparkLend money market; earn supply interest via spToken.,146527906,0.0,n/a,0.0,0.0,"liquidation_risk,depeg_risk","ChainSecurity, Cantina",instant (subject to utilization),0x4197ba364ae6698015ae5c1468f54087602715b2,https://defillama.com/yields/pool/03406d3a-fcc4-4fe3-8809-7a95222951b6,btc,2,Bajo,https://app.spark.fi/markets,Tier 1
SolvBTC,Solv Protocol,basis_trade,WBTC,BTC reserve token backed 1:1; deployed into basis-trade and yield strategies via managed vaults.,146138251,0,0,n/a,0,"depeg_risk,centralized_dependency,withdraw_queue","SlowMist, Quantstamp, Salus",redemption request,0x7a56e1c57c7475ccf742a1832b028f0456652f97,https://defillama.com/yields/pool/bcbcda53-f75e-4b99-9b5b-84a6d2cafb3b,btc,3,Medio,https://solv.finance,Tier 2
Bitwise USCC (Compounding Crypto),Bitwise (Superstate USCC),basis_trade,USDC,Tokenized fund running crypto cash-and-carry basis trade on BTC/ETH; KYC-gated qualified-purchaser shares.,144528345,4.42,n/a,n/a,4.18,"centralized_dependency,withdraw_queue",none found,KYC redemption window,0x14d60e7fdc0d71d8611742720e4c50e7a974020c,https://defillama.com/yields/pool/aff74ce8-4fe3-462b-af11-542cc16d24b2,stable,1,Bajo,https://uscc.superstate.com,Tier 2
Aave v3 LBTC (aEthLBTC),Aave v3,lending,LBTC,Supply LBTC (Lombard staked BTC) to Aave v3 Core; receive aToken earning supply interest.,130966075,0,n/a,n/a,0,"depeg_risk,liquidation_risk","SigmaPrime, OpenZeppelin, Trail of Bits, Certora, ABDK, PeckShield",instant (subject to utilization),0x65906988adee75306021c417a1a3458040239602,https://defillama.com/yields/pool/b7444791-ecab-4bc4-85dc-9eb351064d98,btc,2,Bajo,https://app.aave.com/reserve-overview/?underlyingAsset=0x8236a87084f8b84306f72007f36f2618a5634494&marketName=proto_mainnet_v3,Tier 1
Renzo Restaked ETH (ezETH),Renzo,restaking,ETH,Liquid restaking token; ETH restaked via EigenLayer across AVSs to earn staking + restaking rewards,126691844,2.69,n/a,2.51,1.89,"depeg_risk,centralized_dependency,withdraw_queue","Halborn, Sigma Prime, Code4rena",withdraw queue (EigenLayer unbonding) or DEX swap,0xbf5495efe5db9ce00f80364c8b423567e58d2110,https://defillama.com/yields/pool/e28e32b5-e356-41d9-8dc7-a376ece56619,eth,3,Medio,https://app.renzoprotocol.com,Tier 2
Savings GHO (sGHO),Aave,lending,GHO,"ERC-4626 savings vault: deposit GHO, earn governance-set savings rate paid in GHO.",125563736,4.25,n/a,4.25,4.25,"depeg_risk,centralized_dependency","SigmaPrime, Certora, OpenZeppelin",instant,0xe1753f2e00940cc31213dd92013cf019dfe4ca1d,https://defillama.com/yields/pool/19d024ed-9c70-4323-9a81-fe873ea5f0e0,stable,1,Bajo,https://aave.com/docs/aave-v3/guides/sgho,Tier 1
Spark ETH Savings Vault (spETH),Spark,yield_aggregator,WETH,ERC4626 vault; WETH deployed via Spark Liquidity Layer across curated ETH yield strategies,124329114,1.3,n/a,1.33,1.39,centralized_dependency,"ChainSecurity, Cantina",instant (subject to available liquidity),0xfe6eb3b609a7c8352a241f7f3a21cea4e9209b8f,https://defillama.com/yields/pool/bace601a-530a-432c-9b79-8c6451de25ea,eth,1,Bajo,https://app.spark.fi/savings/mainnet/speth,Tier 1
Liquid ETH Yield Vault (liquidETH),ether.fi,yield_aggregator,"WETH,eETH,weETH","BoringVault deploying ETH into curated DeFi yield positions (Aave, Pendle, Curve/Convex, etc.)",123001419,3.2,n/a,3.22,3.33,"depeg_risk,centralized_dependency","0xMacro, Spearbit",withdraw queue (keeper-processed),0xf0bb20865277abd641a307ece5ee04e79073416c,https://defillama.com/yields/pool/b86d4934-2e75-415a-bdd2-e28143d72491,eth,2,Bajo,https://etherfi.gitbook.io/etherfi/liquid/eth-yield-vault,Tier 1
Aave Horizon USCC (aHorRwaUSCC),Aave Horizon,lending,USCC,Supply Superstate USCC fund token to Aave Horizon RWA market; permissioned/KYC aToken receipt.,121757735,0,n/a,0.0,0,"liquidation_risk,centralized_dependency","SigmaPrime, OpenZeppelin, Certora","instant (subject to utilization), permissioned/KYC",0x08b798c40b9ab931356d9ab4235f548325c4cb80,https://defillama.com/yields/pool/1d5f2f96-3446-4cbc-beba-216677ad7a9d,alt,3,Medio,https://app.aave.com/?marketName=proto_horizon_v3,Tier 1
Steakhouse Ethena USDtb,Morpho (Steakhouse Financial curator),lending,USDtb,Curated MetaMorpho vault lending USDtb across isolated Morpho Blue markets,120288597,1.92,3.4,5.05,5.1,"depeg_risk,liquidation_risk,centralized_dependency","Morpho MetaMorpho: Spearbit, OpenZeppelin, Cantina",instant (subject to utilization),0xbeefc1cdafc5b4a649b54d07afc6bf0f75c6f4e2,https://defillama.com/yields/pool/2bade0af-0dee-410b-88ed-78f17133dad7,stable,2,Bajo,https://app.morpho.org/ethereum/vault/0xBeEFC1CDAfc5b4a649b54D07AFc6bF0f75C6F4E2/steakhouse-ethena-usdtb,Tier 1
Theo Short Duration US Treasury Fund (thBILL),Theo Network,rwa,US Treasury bills,Tokenized institutional short-duration US Treasury bill fund (Wellington-managed) with DeFi composability,118670840,3.49,n/a,n/a,3.59,"depeg_risk,centralized_dependency,lockup",none found,KYC redemption window,0x5fa487bca6158c64046b2813623e20755091da0b,https://defillama.com/yields/pool/e17dab50-85b1-45e8-b4a5-b8ae7898c4a3,stable,3,Medio,https://theo.xyz,Tier 3
Aave v3 tBTC (aEthtBTC),Aave v3,lending,tBTC,Supply tBTC (Threshold wrapped BTC) to Aave v3 Core; receive aToken earning supply interest.,117788815,0.0,n/a,n/a,0.0,"depeg_risk,liquidation_risk","SigmaPrime, OpenZeppelin, Trail of Bits, Certora, ABDK, PeckShield",instant (subject to utilization),0x10ac93971cdb1f5c778144084242374473c350da,https://defillama.com/yields/pool/c4f1e434-3386-4f48-b0ac-dc89782dfa55,btc,2,Bajo,https://app.aave.com/reserve-overview/?underlyingAsset=0x18084fba666a33d37592fa2633fd49a74dd93a88&marketName=proto_mainnet_v3,Tier 1
Fluid Lite ETH Vault (iETHv2),Fluid Lite,leveraged_loop,ETH,Leverages stETH staking yield by looping on Aave/Compound/Spark/Morpho; tokenized as iETHv2,112331183,n/a,n/a,n/a,5.67,"depeg_risk,liquidation_risk,centralized_dependency",MixBytes,"instant (subject to liquidity, 0.05% exit fee)",0xa0d3707c569ff8c87fa923d3823ec5d81c98be78,https://defillama.com/yields/pool/e72916f7-a2d1-47ad-a4b9-2b054337cfd6,eth,4,Medio,https://lite.guides.instadapp.io/getting-started/fluid-lite-eth-vault,Tier 1
Fluid USDC (fUSDC),Fluid,lending,USDC,Supply USDC to Fluid permissionless money market; earn borrower interest via ERC4626 fToken.,111774517,5.91,1.25,n/a,6.13,"liquidation_risk,depeg_risk","StateMind, MixBytes",instant (subject to utilization),0x9fb7b4477576fe5b32be4c1843afb1e55f251b33,https://defillama.com/yields/pool/4438dabc-7f0c-430b-8136-2722711ae663,stable,1,Bajo,https://fluid.io/lending/1,Tier 1
Fluid USDT (fUSDT),Fluid,lending,USDT,Supply USDT to Fluid permissionless money market; earn borrower interest via ERC4626 fToken.,109168705,3.21,1.28,n/a,4.11,"liquidation_risk,depeg_risk","StateMind, MixBytes",instant (subject to utilization),0x5c20b550819128074fd538edf79791733ccedd18,https://defillama.com/yields/pool/4e8cc592-c8d5-4824-8155-128ba521e903,stable,1,Bajo,https://fluid.io/lending/1,Tier 1
Steakhouse USDC,Morpho (Steakhouse Financial curator),lending,USDC,Curated MetaMorpho vault lending USDC across isolated Morpho Blue markets,105004682,3.68,0,3.89,3.73,"depeg_risk,liquidation_risk,centralized_dependency","Morpho MetaMorpho: Spearbit, OpenZeppelin, Cantina",instant (subject to utilization),0xbeef01735c132ada46aa9aa4c54623caa92a64cb,https://defillama.com/yields/pool/b55f43a8-f444-4cd8-a3a4-0a4e786ba566,stable,2,Bajo,https://app.morpho.org/ethereum/vault/0xBEEF01735c132Ada46AA9aA4c54623cAA92A64CB/steakhouse-usdc,Tier 1
Aave Horizon RLUSD (aHorRwaRLUSD),Aave Horizon,lending,RLUSD,Supply RLUSD to Aave Horizon RWA market for institutions to borrow; aToken plus rewards.,104951392,1.57,3.36,4.58,4.64,"depeg_risk,liquidation_risk,centralized_dependency","SigmaPrime, OpenZeppelin, Certora",instant (subject to utilization),0xe3190143eb552456f88464662f0c0c4ac67a77eb,https://defillama.com/yields/pool/98d07333-f5e4-4a48-8061-cfb4b73ccf79,stable,2,Bajo,https://app.aave.com/?marketName=proto_horizon_v3,Tier 1
Origami hOHM,Origami Finance,leveraged_loop,gOHM,Max-levered gOHM position using Olympus non-liquidatable Cooler Loans borrowing USDS; tokenized loop,104677060,0,n/a,0.0,0,"liquidation_risk,centralized_dependency","Yaudit, Hickson",instant (subject to liquidity),0x1db1591540d7a6062be0837ca3c808add28844f6,https://defillama.com/yields/pool/c60820ed-cd92-49dd-98fb-6082708561b6,alt,4,Medio,https://origami.finance,Tier 3
Securitize Tokenized AAA CLO Fund (STAC),Securitize,rwa,AAA-rated CLOs,"Tokenized fund holding AAA-rated collateralized loan obligations; BNY custodian, BNY Investments sub-advised",102183290,4.2,n/a,4.71,6.34,"depeg_risk,centralized_dependency,lockup",none found,KYC redemption window,0x51c2d74017390cbbd30550179a16a1c28f7210fc,https://defillama.com/yields/pool/19494e5c-a34e-448d-9679-7d34df7f8745,stable,3,Medio,https://securitize.io,Tier 1
Circle USYC (Hashnote US Yield Coin),Circle (USYC),rwa,US Treasury bills / reverse repo,Tokenized money-market fund backed by short-term US Treasuries and reverse repo agreements,99119896,3.13,n/a,3.13,3.15,"depeg_risk,centralized_dependency,lockup",none found,KYC redemption window,0x136471a34f6ef19fe571effc1ca711fdb8e49f2b,https://defillama.com/yields/pool/448a64ff-06fd-4e56-b63c-03662ac39010,stable,4,Medio,https://usyc.com,Tier 1
SparkLend spDAI,SparkLend,lending,DAI,Supply DAI to SparkLend money market; earn supply interest via spToken.,97775268,2.34,n/a,n/a,2.35,"liquidation_risk,depeg_risk","ChainSecurity, Cantina",instant (subject to utilization),0x4dedf26112b3ec8ec46e7e31ea5e123490b05b8b,https://defillama.com/yields/pool/e26ce7d9-db75-4aa4-b1db-cc21ae17bdfb,stable,2,Bajo,https://app.spark.fi/markets,Tier 1
Saturn Staked USDat (sUSDat),Saturn,rwa,USDat,Staked USDat earning Strategy STRC preferred-stock dividend yield backed by Bitcoin-linked digital credit,96392828,0,n/a,38.56,22.03,"depeg_risk,centralized_dependency,lockup","Three Sigma, Certora",unstaking / redemption window,0xd166337499e176bbc38a1fbd113ab144e5bd2df7,https://defillama.com/yields/pool/47e72726-3b2b-4fe6-b4a9-a26e1fcd9a50,stable,4,Medio,https://www.usdat.xyz,Tier 3
Steakhouse USDT,Morpho (Steakhouse Financial curator),lending,USDT,Curated MetaMorpho vault lending USDT across isolated Morpho Blue markets,92906679,6.39,0,5.39,3.5,"depeg_risk,liquidation_risk,centralized_dependency","Morpho MetaMorpho: Spearbit, OpenZeppelin, Cantina",instant (subject to utilization),0xbeef047a543e45807105e51a8bbefcc5950fcfba,https://defillama.com/yields/pool/ded5a855-23c1-459d-8390-ba2707fac7c5,stable,3,Medio,https://app.morpho.org/ethereum/vault/0xbEef047a543E45807105E51A8BBEFCc5950fcfBa/steakhouse-usdt,Tier 1
Fluid WETH (fWETH),Fluid,lending,WETH,Supply WETH to Fluid permissionless money market; earn borrower interest via ERC4626 fToken.,87953760,1.87,n/a,1.72,1.67,liquidation_risk,"StateMind, MixBytes",instant (subject to utilization),0x90551c1795392094fe6d29b758eccd233cfaa260,https://defillama.com/yields/pool/cbb9fc26-2b9e-436a-95d0-c75e2c0f5869,eth,2,Bajo,https://fluid.io/lending/1,Tier 1
Gauntlet USDC Prime,Morpho (Gauntlet curator),lending,USDC,Curated MetaMorpho vault lending USDC across isolated Morpho Blue markets,87548680,3.74,0,n/a,3.89,"depeg_risk,liquidation_risk,centralized_dependency","Morpho MetaMorpho: Spearbit, OpenZeppelin, Cantina",instant (subject to utilization),0xdd0f28e19c1780eb6396170735d45153d261490d,https://defillama.com/yields/pool/71b34441-5a46-431b-a9b3-8c081cd0d74c,stable,3,Medio,https://app.morpho.org/ethereum/vault/0xdd0f28e19C1780eb6396170735D45153D261490d/gauntlet-usdc-prime,Tier 1
SparkLend spPYUSD,SparkLend,lending,PYUSD,Supply PYUSD to SparkLend money market; earn supply interest via spToken.,87197695,0.44,n/a,n/a,0.35,"liquidation_risk,depeg_risk","ChainSecurity, Cantina",instant (subject to utilization),0x779224df1c756b4edd899854f32a53e8c2b2ce5d,https://defillama.com/yields/pool/995b269a-8409-4c55-b97e-868f443b432e,stable,2,Bajo,https://app.spark.fi/markets,Tier 1
Umbrella Stake waEthUSDT (stkwaEthUSDT.v1),Aave,other,USDT,"Stakes wrapped aUSDT into Aave Umbrella safety module as slashable backstop, earning staking rewards",84570298,2.73,4.13,n/a,6.84,"depeg_risk,centralized_dependency,lockup,withdraw_queue","Certora, SigmaPrime, OpenZeppelin",~20d cooldown unbonding,0xa484ab92fe32b143aee7019fc1502b1daa522d31,https://defillama.com/yields/pool/a90d554a-b548-4f50-b03e-9dcb724b7777,stable,5,Medio,https://app.aave.com/umbrella/,Tier 1
Aave v3 Prime aEthLidoWstETH,Aave,lending,wstETH,"Supply wstETH to Aave v3 Prime (Lido) lending market, receive yield-bearing aToken",83352477,0.05,n/a,n/a,0.05,"depeg_risk,liquidation_risk","Certora, SigmaPrime, OpenZeppelin",instant (subject to utilization),0xc035a7cf15375ce2706766804551791ad035e0c2,https://defillama.com/yields/pool/d541708e-1283-4feb-bc7a-457fc5f8db2c,eth,3,Medio,https://app.aave.com/?marketName=proto_lido_v3,Tier 1
Main Street USD (msUSD),Mainstreet,basis_trade,USDC,Synthetic dollar redeemable 1:1 for USDC; yield from delta-neutral options box-spread strategies,81725932,12.0,0,12.0,12.0,"depeg_risk,centralized_dependency",none found,redemption window,0x4ba01f22827018b4772cd326c7627fb4956a7c00,https://defillama.com/yields/pool/8a28570f-2316-488a-94a7-67c87e76c1f1,stable,2,Bajo,https://www.mainstreet.finance,Tier 3
sky.money USDT Savings,Morpho (Sky.money curator),lending,USDT,Curated Morpho Vault V2 lending USDT across isolated Morpho Blue markets,79228255,2.67,0.65,4.16,3.42,"depeg_risk,liquidation_risk,centralized_dependency","Morpho Vault V2: Spearbit, OpenZeppelin, Cantina",instant (subject to utilization),0x23f5e9c35820f4bab695ac1f19c203cc3f8e1e11,https://defillama.com/yields/pool/89641d1d-6ee2-431b-b131-a0b49c59e2c5,stable,3,Medio,https://app.morpho.org/ethereum/vault/0x23f5E9c35820f4baB695Ac1F19c203cC3f8e1e11,Tier 1
Staked Falcon USD (sUSDf),Falcon Finance,basis_trade,USDf,ERC-4626 vault staking USDf; yield from delta-neutral / arbitrage on overcollateralized synthetic dollar,76859045,5.62,n/a,n/a,4.86,"depeg_risk,centralized_dependency","Zellic, Pashov, Quantstamp",instant (unstake) / redemption window,0xc8cf6d7991f15525488b2a83df53468d682ba4b0,https://defillama.com/yields/pool/0f67a08c-3f24-4a4b-963e-541f5a5c0364,stable,2,Bajo,https://falcon.finance,Tier 2
Sentora PRIME Main (PYUSD),Morpho (Sentora curator),lending,PYUSD,Curated Morpho Vault V2 lending PYUSD across isolated Morpho Blue markets,76851294,2.85,1.69,n/a,7.68,"depeg_risk,liquidation_risk,centralized_dependency","Morpho Vault V2: Spearbit, OpenZeppelin, Cantina",instant (subject to utilization),0xc21b08c16458202593d4d9b26b9984ee67b38bbd,https://defillama.com/yields/pool/f569e486-da2a-41ef-8bfe-1a4db0d1d268,stable,3,Medio,https://app.morpho.org/ethereum/vault/0xC21b08C16458202593D4D9B26b9984Ee67b38BbD,Tier 1
Staked GHO (stkGHO) Safety Module,Aave,other,GHO,"Stake GHO in Aave Safety Module as slashable backstop, earning GHO rewards (legacy module)",75700971,n/a,3.76,3.76,4.66,"depeg_risk,centralized_dependency,lockup,withdraw_queue","Certora, SigmaPrime, OpenZeppelin",20d cooldown unbonding,0x1a88df1cfe15af22b3c4c783d4e6f7f9e0c1885d,https://defillama.com/yields/pool/ff2a68af-030c-4697-b0a1-b62a738eaef0,stable,5,Medio,https://app.aave.com/staking/,Tier 1
Origin Ether (OETH),Origin Protocol,yield_aggregator,ETH,"Auto-compounding ETH yield aggregator routing across LSTs (stETH, rETH) and DeFi strategies; rebasing",75000831,n/a,n/a,2.13,2.12,"depeg_risk,centralized_dependency","OpenZeppelin, Trail of Bits",instant (subject to liquidity),0x856c4efb76c1d1ae02e20ceb03a2a6a08b0b8dc3,https://defillama.com/yields/pool/423681e3-4787-40ce-ae43-e9f67c5269b3,eth,3,Medio,https://www.originprotocol.com/oeth,Tier 2
Aave v3 aEthrETH,Aave,lending,rETH,"Supply rETH to Aave v3 core lending market, receive yield-bearing aToken",74290524,0.0,n/a,0.0,0.0,"depeg_risk,liquidation_risk","Certora, SigmaPrime, OpenZeppelin",instant (subject to utilization),0xcc9ee9483f662091a1de4795249e24ac0ac2630f,https://defillama.com/yields/pool/f1a22245-a1f1-4389-8ff2-dde4914b272d,eth,3,Medio,https://app.aave.com/reserve-overview/?underlyingAsset=0xae78736cd615f374d3085123a210448e74fc6393&marketName=proto_mainnet_v3,Tier 1
Staked cap USD (stcUSD),Cap,lending,cUSD,Staked cUSD earning auto-compounding yield from operators borrowing against restaker-delegated collateral,73929253,n/a,n/a,5.31,5.21,"depeg_risk,liquidation_risk,centralized_dependency",Certora,instant (subject to liquidity),0x88887be419578051ff9f4eb6c858a951921d8888,https://defillama.com/yields/pool/bf6ca887-e357-49ec-8031-0d1a6141c455,stable,3,Medio,https://www.cap.app,Tier 3
Reservoir Wrapped Savings rUSD (wsrUSD),Reservoir Protocol,yield_aggregator,srUSD,Non-rebasing wrapper of srUSD savings token accruing yield from Reservoir multicollateral stablecoin reserves,73782811,n/a,n/a,n/a,4.72,"depeg_risk,centralized_dependency","Sherlock, Code4rena",instant (subject to liquidity),0xd3fd63209fa2d55b07a0f6db36c2f43900be3094,https://defillama.com/yields/pool/d646f32f-d5af-4e34-a29f-8ebeea6a8520,stable,2,Bajo,https://reservoir.xyz,Tier 2
Aave v3 aEthLINK,Aave,lending,LINK,"Supply LINK to Aave v3 core lending market, receive yield-bearing aToken",72357096,0.03,n/a,n/a,0.04,liquidation_risk,"Certora, SigmaPrime, OpenZeppelin",instant (subject to utilization),0x5e8c8a7243651db1384c0ddfdbe39761e8e7e51a,https://defillama.com/yields/pool/b847133f-f5d5-4692-b74e-d815d51988fc,alt,3,Medio,https://app.aave.com/reserve-overview/?underlyingAsset=0x514910771af9ca656af840dff83e8264ecf986ca&marketName=proto_mainnet_v3,Tier 1
Staked Frax Ether (sfrxETH),Frax (frxETH),restaking,frxETH,"ERC-4626 vault accruing Frax ETH validator staking rewards (staking yield, priority fees, MEV).",68211304,2.97,n/a,n/a,2.88,"depeg_risk,centralized_dependency",Trail of Bits,instant (redeem to frxETH; frxETH->ETH via market/queue),0xac3e018457b222d93114458476f3e3416abbe38f,https://defillama.com/yields/pool/5b3aebb3-891d-47fc-92e2-927ada3d5b82,eth,3,Medio,https://frax.finance,Tier 1
Aave Horizon aHorRwaUSTB,Aave,lending,USTB,"Supply Superstate USTB T-bill token to Aave Horizon RWA lending market, receive aToken",66615995,0,n/a,0.0,0,"depeg_risk,liquidation_risk,centralized_dependency,withdraw_queue","Certora, SigmaPrime, OpenZeppelin",instant (subject to utilization); USTB redemption KYC-gated,0x4e58a2e433a739726134c83d2f07b2562e8dfdb3,https://defillama.com/yields/pool/0f23649e-44fb-45be-b8b6-8ff28a0c0917,stable,4,Medio,https://horizon.aave.com/,Tier 1
Lombard BTC Vault (LBTCv),Veda (Lombard),yield_aggregator,"LBTC,WBTC","BoringVault deploying BTC across DeFi (Uniswap, Pendle, Morpho, Gearbox) for curated yield.",66377400,0,n/a,0.0,0.31,"depeg_risk,centralized_dependency,withdraw_queue","Spearbit, Cantina",withdraw queue (async settlement),0x5401b8620e5fb570064ca9114fd1e135fd77d57c,https://defillama.com/yields/pool/17e0b32c-db36-4ecd-9cfc-25943ebb756b,btc,4,Medio,https://veda.tech,Tier 3
Treehouse ETH (tETH),Treehouse Protocol,yield_aggregator,wstETH,LST earning excess ETH yield via leveraged on-chain interest-rate arbitrage on staked ETH.,65879161,2.66,n/a,2.56,2.99,"depeg_risk,centralized_dependency,liquidation_risk","Sigma Prime, Trail of Bits",withdraw queue (unwind),0xd11c452fc99cf405034ee446803b6f6c1f6d5ed8,https://defillama.com/yields/pool/5762f4a8-bb48-45d6-90ed-2d93d1777169,eth,4,Medio,https://www.treehouse.finance,Tier 2
Steakhouse EURCV,Morpho,lending,EURCV,MetaMorpho curated vault lending EURCV across Morpho Blue markets (Steakhouse curator),65584405,4,0,n/a,3.33,"depeg_risk,liquidation_risk,centralized_dependency","Spearbit, OpenZeppelin, Cantina",instant (subject to utilization),0x75741a12b36d181f44f389e0c6b1e0210311e3ff,https://defillama.com/yields/pool/d3b28212-a46b-4db8-8bb7-2c946b3cbe76,stable,3,Medio,https://app.morpho.org/ethereum/vault/0x75741A12B36D181f44F389E0c6B1E0210311e3Ff,Tier 1
Staked FRAX (sFRAX),Frax Finance,yield_aggregator,FRAX,"ERC4626 savings vault; distributes Frax protocol/RWA yield to FRAX stakers, IORB-tracking",65082545,1.15,n/a,1.24,1.06,"depeg_risk,centralized_dependency","Trail of Bits, code4rena",instant,0xa663b02cf0a4b149d2ad41910cb81e23e1c41c32,https://defillama.com/yields/pool/55de30c3-bf9f-4d4e-9e0b-536a8ef5ab35,stable,2,Bajo,https://app.frax.finance/sfrax/stake,Tier 2
Strata Senior USDe (srUSDe),Strata Markets,basis_trade,sUSDe,Senior risk tranche over Ethena sUSDe; lower-vol carry yield with priority cashflows.,63676107,3.02,n/a,2.97,3.31,"depeg_risk,centralized_dependency","Cyfrin, Quantstamp, Guardian",epoch settlement,0x3d7d6fdf07ee548b939a80edbc9b2256d0cdc003,https://defillama.com/yields/pool/843be062-d836-43ef-9670-c78d6ecb60bf,stable,2,Bajo,https://strata.markets,Tier 3
Compound III cUSDCv3 (Ethereum),Compound III,lending,USDC,Supply USDC to Compound v3 Comet base market; earn supply APR + COMP rewards.,60759162,2.95,0.1,n/a,3.48,"depeg_risk,liquidation_risk","OpenZeppelin, ChainSecurity",instant (subject to utilization),0xc3d688b66703497daa19211eedff47f25384cdc3,https://defillama.com/yields/pool/7da72d09-56ca-4ec5-a45f-59114353e487,stable,2,Bajo,https://app.compound.finance/markets/usdc-mainnet,Tier 1
Aave v3 aEthAAVE,Aave,lending,AAVE,"Supply AAVE to Aave v3 core lending market, receive aToken (non-borrowable collateral)",58570942,0,n/a,0.0,0,liquidation_risk,"Certora, SigmaPrime, OpenZeppelin",instant (subject to utilization),0xa700b4eb416be35b2911fd5dee80678ff64ff6c9,https://defillama.com/yields/pool/7ee6c38b-ac42-4388-88dc-389140276cf8,alt,3,Medio,https://app.aave.com/reserve-overview/?underlyingAsset=0x7fc66500c84a76ad7e9c93437bfc5ac33e2ddae9&marketName=proto_mainnet_v3,Tier 1
f(x) USD Saving (fxSAVE),Concentrator (f(x) Protocol),yield_aggregator,"fxUSD,USDC",ERC-4626 wrapper over f(x) V2 delta-neutral stability pool; auto-compounds wstETH/WBTC yield.,56131745,n/a,n/a,n/a,6.52,"depeg_risk,centralized_dependency",OpenZeppelin,instant (redeem to fxUSD/USDC),0x7743e50f534a7f9f1791dde7dcd89f7783eefc39,https://defillama.com/yields/pool/ee0b7069-f8f3-4aa2-a415-728f13e6cc3d,stable,2,Bajo,https://fx.aladdin.club/v2/fxsave,Tier 2
Compound III cUSDTv3 (Ethereum),Compound III,lending,USDT,Supply USDT to Compound v3 Comet base market; earn supply APR + COMP rewards.,55722413,2.6,0.09,n/a,2.91,"depeg_risk,liquidation_risk","OpenZeppelin, ChainSecurity",instant (subject to utilization),0x3afdc9bca9213a35503b077a6072f3d0d5ab0840,https://defillama.com/yields/pool/f4d5b566-e815-4ca2-bb07-7bcd8bc797f1,stable,2,Bajo,https://app.compound.finance/markets/usdt-mainnet,Tier 1
Convex FRAX-USDe,Convex Finance,yield_aggregator,"FRAX,USDe",Stakes Curve FRAX/USDe stable LP via Convex booster to earn CRV/CVX rewards,54644583,0.07,1.54,1.7,1.94,"il_risk,depeg_risk,centralized_dependency",MixBytes,instant,0xc030b717b96b83bf4ec4a075dd547614953968fd,https://defillama.com/yields/pool/5fac4a47-5360-49b7-8b61-66f88a3d939f,stable,4,Medio,https://curve.convexfinance.com/stake,Tier 1
Umbrella Stake waEthUSDC (stkwaEthUSDC.v1),Aave,other,USDC,"Stakes wrapped aUSDC into Aave Umbrella safety module as slashable backstop, earning rewards",53194221,3.24,4.16,7.44,8.17,"depeg_risk,centralized_dependency,lockup,withdraw_queue","Certora, SigmaPrime, OpenZeppelin",~20d cooldown unbonding,0x6bf183243fdd1e306ad2c4450bc7dcf6f0bf8aa6,https://defillama.com/yields/pool/6f00d46b-8735-49ae-9ced-2a0fccc56ad0,stable,5,Medio,https://app.aave.com/umbrella/,Tier 1
SparkLend spUSDT,SparkLend,lending,USDT,Supply USDT to SparkLend money market; earn supply interest via spToken.,53099362,3.31,n/a,n/a,3.07,"liquidation_risk,depeg_risk","ChainSecurity, Cantina",instant (subject to utilization),0xe7df13b8e3d6740fe17cbe928c7334243d86c92f,https://defillama.com/yields/pool/8fbe28b8-140d-4e37-8804-5d2aba4daded,stable,2,Bajo,https://app.spark.fi/markets,Tier 1
Staked LINK (stLINK),stake.link,restaking,LINK,Liquid staking token for Chainlink staking; rebasing LINK rewards across node operators.,53096254,4.9,n/a,4.73,4.87,"centralized_dependency,withdraw_queue","Sigma Prime, Cyfrin, Zellic",withdraw queue (3-4d unbonding; instant via priority pool),0xb8b295df2cd735b15be5eb419517aa626fc43cd5,https://defillama.com/yields/pool/4f5deb26-5f61-45a3-8f61-0edca3a86809,alt,4,Medio,https://stake.link,Tier 2
ether.fi BTC (eBTC),ether.fi,restaking,"WBTC,LBTC",Liquid BTC vault; deposits BTC LSTs into restaking/yield strategies via ether.fi Liquid (BoringVault).,52989066,0.33,n/a,n/a,0.58,"depeg_risk,centralized_dependency,withdraw_queue","Certora, Cantina, Zellic",withdraw queue,0x657e8c867d8b37dcc18fa4caead9c45eb088c642,https://defillama.com/yields/pool/f6568026-ff92-463d-8712-b9e8f8ea1408,btc,4,Medio,https://www.ether.fi,Tier 1
Aave v3 aEthGHO,Aave,lending,GHO,"Supply GHO to Aave v3 core lending market, receive yield-bearing aToken",52565448,0,n/a,n/a,0,"depeg_risk,liquidation_risk","Certora, SigmaPrime, OpenZeppelin",instant (subject to utilization),0x00907f9921424583e7ffbfedf84f92b7b2be4977,https://defillama.com/yields/pool/1e00ac2b-0c3c-4b1f-95be-9378f98d2b40,stable,2,Bajo,https://app.aave.com/reserve-overview/?underlyingAsset=0x40d16fc0246ad3160ccc09b8d0d3a2cd28ae6c2f&marketName=proto_mainnet_v3,Tier 1
Staked infiniFi USD (siUSD),infiniFi,yield_aggregator,iUSD,ERC-4626 staked iUSD; fractional-reserve stablecoin yield from liquid/locked DeFi positions.,51210108,5.9,n/a,n/a,5.36,"depeg_risk,centralized_dependency,withdraw_queue",none found,withdraw queue (unstaking cooldown),0xdbdc1ef57537e34680b898e1febd3d68c7389bcb,https://defillama.com/yields/pool/8fa2e60e-365a-41fc-8d50-fadde5041f94,stable,3,Medio,https://infinifi.xyz,Tier 3
Aave v3 aEthDAI,Aave,lending,DAI,"Supply DAI to Aave v3 core lending market, receive yield-bearing aToken",50213582,1.82,n/a,1.93,2.5,"depeg_risk,liquidation_risk","Certora, SigmaPrime, OpenZeppelin",instant (subject to utilization),0x018008bfb33d285247a21d44e50697654f754e63,https://defillama.com/yields/pool/3665ee7e-6c5d-49d9-abb7-c47ab5d9d4ac,stable,2,Bajo,https://app.aave.com/reserve-overview/?underlyingAsset=0x6b175474e89094c44da98b954eedeac495271d0f&marketName=proto_mainnet_v3,Tier 1
Convex DOLA-sUSDe,Convex Finance,yield_aggregator,"DOLA,sUSDe",Stakes Curve DOLA/sUSDe stable LP via Convex booster to earn CRV/CVX/extra rewards,49877508,0.71,2.77,3.1,1.77,"il_risk,depeg_risk,centralized_dependency",MixBytes,instant,0xf1d547f657a05a4a081f899070a5585eb9f326b2,https://defillama.com/yields/pool/85407c01-6f16-4cef-9ef2-1b2bf2556183,stable,4,Medio,https://curve.convexfinance.com/stake,Tier 1
pufETH,Puffer Finance,restaking,WETH,Native liquid restaking token on EigenLayer; ERC-4626 vault earning PoS + AVS restaking yield.,47940670,2.3,0.03,n/a,1.99,"depeg_risk,centralized_dependency,withdraw_queue","Trail of Bits, SlowMist, BlockSec",withdraw queue,0xd9a442856c234a39a81a089c06451ebaa4306a72,https://defillama.com/yields/pool/bac6982a-f344-42f7-9af4-a9882f4a77f0,eth,4,Medio,https://www.puffer.fi,Tier 2
Concrete DeFi USDT (ctDefiUSDT),Concrete,yield_aggregator,USDT,USDT auto-allocated across DeFi lending/AMM and delta-neutral strategies by keeper,47276148,14.98,n/a,n/a,1.55,"depeg_risk,centralized_dependency,withdraw_queue","Spearbit, Hexens",epoch settlement,0x0e609b710da5e0aa476224b6c0e5445ccc21251e,https://defillama.com/yields/pool/9ffcea5d-ef46-4b80-a8fb-74b03d38b2ba,stable,3,Medio,https://app.concrete.xyz/vault/concrete/defi-finance-usdt,Tier 3
Vault Bridge WBTC,Morpho,lending,WBTC,MetaMorpho curated vault lending WBTC across Morpho Blue markets,47103467,0.0,0,n/a,0.01,"depeg_risk,liquidation_risk,centralized_dependency","Spearbit, OpenZeppelin, Cantina",instant (subject to utilization),0x812b2c6ab3f4471c0e43d4bb61098a9211017427,https://defillama.com/yields/pool/e3cd6e7f-aefe-44bd-8e20-94304abd285d,btc,4,Medio,https://app.morpho.org/ethereum/vault/0x812B2C6Ab3f4471c0E43D4BB61098a9211017427,Tier 1
SparkLend spWeETH,SparkLend,lending,weETH,Supply weETH to SparkLend money market; earn supply interest via spToken.,46425817,0,n/a,0.0,0,"liquidation_risk,depeg_risk","ChainSecurity, Cantina",instant (subject to utilization),0x3cfd5c0d4acaa8faee335842e4f31159fc76b008,https://defillama.com/yields/pool/9da8a761-eb0f-4d41-ad05-0ebb2ed82913,eth,3,Medio,https://app.spark.fi/markets,Tier 1
Aave v3 aEthUSDtb,Aave,lending,USDtb,"Supply Ethena USDtb to Aave v3 core lending market, receive yield-bearing aToken",44861371,2.1,3.4,5.07,5.31,"depeg_risk,liquidation_risk","Certora, SigmaPrime, OpenZeppelin",instant (subject to utilization),0xec4ef66d4fceeba34abb4de69db391bc5476ccc8,https://defillama.com/yields/pool/baee0253-eb6e-4a08-a579-a2acd4f034b2,stable,2,Bajo,https://app.aave.com/reserve-overview/?underlyingAsset=0xc139190f447e929f090edeb554d95abb8b18ac1c&marketName=proto_mainnet_v3,Tier 1
Steakhouse Reservoir USDC,Morpho,lending,USDC,MetaMorpho curated USDC vault focused on Reservoir rUSD-collateral markets (Steakhouse curator),39398654,4.64,1.96,6.51,6.35,"depeg_risk,liquidation_risk,centralized_dependency","Spearbit, OpenZeppelin, Cantina",instant (subject to utilization),0xbeef346d7099865208ff331e4f648f4154ddaa05,https://defillama.com/yields/pool/1b33f341-1dc2-446a-856e-caf900563ae2,stable,3,Medio,https://app.morpho.org/ethereum/vault/0xbeEF346d7099865208Ff331e4f648f4154DDAa05,Tier 1
Compound cETH,Compound V2,lending,ETH,Supply ETH to permissionless Compound V2 money market; cETH accrues supply interest.,39341999,0,0,0.0,0,liquidation_risk,"OpenZeppelin, Trail of Bits",instant (subject to utilization),0x4ddc2d193948926d02f9b1fe9e1daa0718270ed5,https://defillama.com/yields/pool/1e5da7c6-59bb-49bd-9f97-4f4fceeffad4,eth,2,Bajo,https://app.compound.finance/,Tier 1
Flux Finance fOUSG,Flux Finance,lending,OUSG,"Compound V2-fork money market; supply tokenized T-bill OUSG to earn interest, minting fOUSG.",38831642,0,0,n/a,0,"liquidation_risk,depeg_risk,centralized_dependency","Code4rena, Ackee",instant (subject to utilization),0x1dd7950c266fb1be96180a8fdb0591f70200e018,https://defillama.com/yields/pool/a5453ca0-7ec4-44b8-81c8-9154ce8465f7,stable,3,Medio,https://fluxfinance.com/market/ousg,Tier 2
Aave v3 Prime aEthLidoGHO,Aave,lending,GHO,"Supply GHO to Aave v3 Prime (Lido) lending market, receive yield-bearing aToken",38672251,1.02,n/a,n/a,1.55,"depeg_risk,liquidation_risk","Certora, SigmaPrime, OpenZeppelin",instant (subject to utilization),0x18efe565a5373f430e2f809b97de30335b3ad96a,https://defillama.com/yields/pool/41683a7c-20a2-4cd7-83a7-3ccedaad0db1,stable,2,Bajo,https://app.aave.com/?marketName=proto_lido_v3,Tier 1
sky.money USDS Flagship,Morpho,lending,USDS,Morpho Vault V2 curated USDS lending vault (sky.money / Steakhouse curator),38630192,0.23,4.23,n/a,4.56,"depeg_risk,liquidation_risk,centralized_dependency","Spearbit, ChainSecurity, Zellic, Cantina",instant (subject to utilization),0xe15fcc81118895b67b6647bbd393182df44e11e0,https://defillama.com/yields/pool/61a5c79a-42d3-4de2-bcd2-13f73729c139,stable,3,Medio,https://app.morpho.org/ethereum/vault/0xE15fcC81118895b67b6647BBd393182dF44E11E0,Tier 1
Convex ETH-stETH,Convex Finance,yield_aggregator,"ETH,stETH",Stakes Curve ETH/stETH LP via Convex booster to earn CRV/CVX/LDO rewards,38416533,1.81,0,n/a,1.47,"il_risk,depeg_risk,centralized_dependency",MixBytes,instant,0x0a760466e1b4621579a82a39cb56dda2f4e70f03,https://defillama.com/yields/pool/5ce23e7e-3800-4c9c-ad30-6db3db0515a1,eth,5,Medio,https://curve.convexfinance.com/stake,Tier 1
Apollo Diversified Credit Securitize Fund (ACRED),Apollo / Securitize,rwa,ACRED,Tokenized ERC4626 feeder into Apollo's diversified global private credit fund via Securitize.,37866739,0.54,n/a,1.68,1.84,"centralized_dependency,lockup,withdraw_queue",none found,KYC periodic redemption,0x17418038ecf73ba4026c4f428547bf099706f27b,https://defillama.com/yields/pool/07fa6716-2fb2-49eb-a560-cb88e3ad822c,stable,4,Medio,https://securitize.io/,Tier 1
Goldfinch Senior Pool (FIDU),Goldfinch,lending,USDC,Deposit USDC into senior pool auto-allocating across private-credit borrower pools; mints FIDU.,36715272,10.12,n/a,n/a,10.06,"liquidation_risk,centralized_dependency,withdraw_queue","CertiK, Trail of Bits",epoch settlement,0x6a445e9f40e0b97c92d0b8a3366cef1d67f700bf,https://defillama.com/yields/pool/c89af47f-032a-4c59-bdc9-17a7f1514a3b,stable,3,Medio,https://app.goldfinch.finance/,Tier 2
Multipli xUSDC,Multipli.fi,yield_aggregator,USDC,"Deposit USDC, mint xUSDC; capital deployed across institutional delta-neutral / RWA yield strategies.",36525780,n/a,n/a,n/a,3.05,"depeg_risk,centralized_dependency",none found,instant (redeem to USDC),0x4779d635ec5838866622177ea59873cdd8186477,https://defillama.com/yields/pool/aec4729d-5547-484c-962a-24ec9914603a,stable,2,Bajo,https://multipli.fi,Tier 3
Aave v3 Prime aEthLidoTETH,Aave,lending,tETH,"Supply Treehouse tETH to Aave v3 Prime (Lido) lending market, receive yield-bearing aToken",36072238,0,n/a,0.0,0,"depeg_risk,liquidation_risk","Certora, SigmaPrime, OpenZeppelin",instant (subject to utilization),0xce8c60fd8390efcc3fc66a3f0bd64beb969e750e,https://defillama.com/yields/pool/7a950566-436e-4399-9e32-e92260a3e42d,eth,3,Medio,https://app.aave.com/?marketName=proto_lido_v3,Tier 1
Smokehouse USDC,Morpho,lending,USDC,MetaMorpho curated USDC lending vault across Morpho Blue markets (Steakhouse Smokehouse curator),35772090,5.23,0,5.48,4.75,"depeg_risk,liquidation_risk,centralized_dependency","Spearbit, OpenZeppelin, Cantina",instant (subject to utilization),0xbeefff209270748ddd194831b3fa287a5386f5bc,https://defillama.com/yields/pool/f8d7740c-4cef-420e-a944-1b7caffde643,stable,3,Medio,https://app.morpho.org/ethereum/vault/0xBEeFFF209270748ddd194831b3fa287a5386f5bC,Tier 1
Liquid USD Vault (liquidUSD),ether.fi,yield_aggregator,"USDC,USDT,DAI,USDe","BoringVault deploying stables into market-neutral DeFi yield (Aave, Curve/Convex, Gearbox, Pendle)",34866116,5.0,n/a,n/a,4.75,"depeg_risk,centralized_dependency","0xMacro, Spearbit",withdraw queue (keeper-processed),0x08c6f91e2b681faf5e17227f2a44c307b3c1364c,https://defillama.com/yields/pool/7c12f175-37bc-41db-967a-1d7f1f4a23c4,stable,2,Bajo,https://etherfi.gitbook.io/etherfi/liquid/liquid-usd-vault,Tier 1
Fluid Lite USD Vault (iUSDC),Fluid Lite,leveraged_loop,USDC,Leverages yield-bearing stables (sUSDe/syrupUSDC) by looping deposit-borrow-swap on Aave/Fluid; iUSDC,34234443,n/a,n/a,n/a,7.83,"depeg_risk,liquidation_risk,centralized_dependency",MixBytes,"instant (subject to liquidity, 0.05% exit fee)",0xc8871267e07408b89aa5aecc58adca5e574557f8,https://defillama.com/yields/pool/488f06db-5a36-450e-9ba9-b4321be39c7c,stable,4,Medio,https://lite.guides.instadapp.io/getting-started/fluid-lite-usd-vault,Tier 1
Aegis YUSD,Aegis,basis_trade,YUSD,Delta-neutral yield-bearing stablecoin backed by BTC collateral with hedged futures positions.,34191238,n/a,n/a,n/a,3.37,"depeg_risk,centralized_dependency","Hacken, FailSafe",KYC redemption,0x4274cd7277c7bb0806bd5fe84b9adae466a8da0a,https://defillama.com/yields/pool/f91b2168-c279-475c-a98a-673220f4fee7,stable,2,Bajo,https://aegis.im/,Tier 3
Staked Frax USD (sfrxUSD),Frax Finance,yield_aggregator,frxUSD,ERC4626 savings vault; frxUSD earns benchmark-rate yield from carry/AMO/IORB strategies,33329235,3.85,n/a,3.85,3.96,"depeg_risk,centralized_dependency","Trail of Bits, code4rena",instant,0xcf62f905562626cfcdd2261162a51fd02fc9c5b6,https://defillama.com/yields/pool/42523cca-14b0-44f6-95fb-4781069520a5,stable,2,Bajo,https://app.frax.finance/sfrxusd/stake,Tier 2
OpenEden Open Dollar (USDO),OpenEden,rwa,USDO,Rebasing yield-bearing stablecoin backed by U.S. T-bills and reverse repos.,33125729,3.1,n/a,3.1,3.16,"depeg_risk,centralized_dependency","Nethermind, Quantstamp",KYC T+0,0x8238884ec9668ef77b90c6dff4d1a9f4f4823bfe,https://defillama.com/yields/pool/f083596e-032d-4d6b-a7a8-1836d3f99bcd,stable,2,Bajo,https://app.openeden.com/,Tier 2
Alpha USDC Delta V2,Morpho,lending,USDC,Morpho Vault V2 curated USDC lending vault (Alpha curator),32847027,11.86,0,n/a,9.92,"depeg_risk,liquidation_risk,centralized_dependency","Spearbit, ChainSecurity, Zellic, Cantina",instant (subject to utilization),0x0bf0164d17469241b6e086da4016dcc54feaa334,https://defillama.com/yields/pool/03c560bf-aed6-4a52-85b9-cb627269f3ff,stable,3,Medio,https://app.morpho.org/ethereum/vault/0x0bF0164D17469241B6E086dA4016DCc54FEAA334,Tier 1
Wintermute USDC Select,Morpho,lending,USDC,Morpho Vault V2 curated USDC lending vault (Wintermute curator),31313877,4.0,0,4.26,3.96,"depeg_risk,liquidation_risk,centralized_dependency","Spearbit, ChainSecurity, Zellic, Cantina",instant (subject to utilization),0xa2eaad0d586cf9fd73bb2c09cf6a7e3e187d68cd,https://defillama.com/yields/pool/d2a99602-b0c7-4f6a-a329-82bdaad3df0c,stable,3,Medio,https://app.morpho.org/ethereum/vault/0xA2EAaD0D586cF9FD73bb2c09cF6A7E3e187D68cd,Tier 1
VanEck Treasury Fund (VBILL),VanEck / Securitize,rwa,VBILL,Tokenized U.S. Treasury fund issued via Securitize; backed by short-term Treasuries.,31147000,3.45,n/a,3.48,3.47,"centralized_dependency,lockup",none found,KYC redemption,0x2255718832bc9fd3be1caf75084f4803da14ff01,https://defillama.com/yields/pool/7fb382fb-fdc0-438f-bb5e-fc21f0351a7d,stable,3,Medio,https://securitize.io/,Tier 1
Aave v3 aEthXAUt,Aave,lending,XAUt,"Supply Tether Gold (XAUt) to Aave v3 core lending market, receive yield-bearing aToken",29865936,0,n/a,n/a,0,liquidation_risk,"Certora, SigmaPrime, OpenZeppelin",instant (subject to utilization),0x8a2b6f94ff3a89a03e8c02ee92b55af90c9454a2,https://defillama.com/yields/pool/49585253-1f0d-46df-9284-6ece1880fbef,alt,3,Medio,https://app.aave.com/reserve-overview/?underlyingAsset=0x68749665ff8d2d112fa859aa293f07a622782f38&marketName=proto_mainnet_v3,Tier 1
Swell swETH,Swell Network,restaking,ETH,"Liquid staking token: deposit ETH, receive swETH accruing Ethereum staking rewards.",29353425,2.71,n/a,2.73,2.84,"depeg_risk,centralized_dependency","Sigma Prime, MixBytes",unbonding queue,0xf951e335afb289353dc249e82926178eac7ded78,https://defillama.com/yields/pool/ca2acc2d-6246-44aa-ae91-8725b2c62c7c,eth,3,Medio,https://app.swellnetwork.io/,Tier 2
Vault Bridge WETH,Morpho,lending,WETH,MetaMorpho curated vault lending WETH across Morpho Blue markets,29253299,1.36,0,1.39,1.43,"liquidation_risk,centralized_dependency","Spearbit, OpenZeppelin, Cantina",instant (subject to utilization),0x31a5684983eee865d943a696aac155363ba024f9,https://defillama.com/yields/pool/ce14c4f9-26d5-441e-8ae5-a125cb72cd8f,eth,3,Medio,https://app.morpho.org/ethereum/vault/0x31A5684983EeE865d943A696AAC155363bA024f9,Tier 1
Galaxy USDC Quality,Morpho,lending,USDC,Morpho Vault V2 curated USDC lending vault (Galaxy curator),28754927,3.75,0,n/a,3.89,"depeg_risk,liquidation_risk,centralized_dependency","Spearbit, ChainSecurity, Zellic, Cantina",instant (subject to utilization),0x91600e31fbedc72433d4a57f16639cfe661be7d8,https://defillama.com/yields/pool/ba8f47b8-2cc2-4976-a0f9-1bd8da4bcb91,stable,3,Medio,https://app.morpho.org/ethereum/vault/0x91600E31fBeDc72433d4a57F16639cfe661Be7d8,Tier 1
OpenEden TBILL Vault,OpenEden,rwa,USDC,"ERC4626 vault: deposit USDC, mint NAV-based TBILL backed by short-term U.S. Treasury Bills.",28080114,3.26,n/a,n/a,3.31,"centralized_dependency,lockup","Nethermind, Quantstamp",KYC T+0,0xdd50c053c096cb04a3e3362e2b622529ec5f2e8a,https://defillama.com/yields/pool/e140f3b2-0327-46ea-93f5-88b17b0a0a16,stable,3,Medio,https://app.openeden.com/tbill,Tier 2
USDC yVault (yvUSDC),Yearn Finance,yield_aggregator,USDC,Yearn V2 ERC20 vault allocating USDC across whitelisted lending strategies; auto-compounds yield into share price.,27552565,3.18,0,n/a,3.48,"depeg_risk,centralized_dependency","ChainSecurity, MixBytes",instant (subject to utilization),0xa354f35829ae975e850e23e9615b11da1b3dc4de,https://defillama.com/yields/pool/7d89af7a-24c9-4292-aa38-7c71b05fbd6d,stable,2,Bajo,https://yearn.fi/vaults/1/0xa354f35829ae975e850e23e9615b11da1b3dc4de,Tier 1
Convex Staked cvxCRV,Convex Finance,yield_aggregator,cvxCRV,"Stake cvxCRV (CRV deposit receipt) to earn CRV, CVX and 3CRV rewards via Convex",26642462,n/a,23.66,23.19,20.14,centralized_dependency,MixBytes,instant,0x3fe65692bfcd0e6cf84cb1e7d24108e434a7587e,https://defillama.com/yields/pool/ef32dd3b-a03b-4f79-9b65-8420d7e04ad0,alt,3,Medio,https://curve.convexfinance.com/stake/cvxcrv,Tier 1
Restaked Swell ETH (rswETH),Swell Network,restaking,ETH,"Liquid restaking token; ETH staked and restaked via EigenLayer, value accrues to rswETH exchange rate.",26387619,2.16,n/a,2.09,2.34,"depeg_risk,centralized_dependency,withdraw_queue","Sigma Prime, Hexens",withdraw queue (unstaking),0xfae103dc9cf190ed75350761e95403b7b8afa6c0,https://defillama.com/yields/pool/eff9b43c-a80d-4bfc-9f9e-55e02a8ef619,eth,4,Medio,https://app.swellnetwork.io/restake,Tier 2
Curve Vault for crvUSD (sreUSD collateral),Curve LlamaLend,lending,crvUSD,ERC-4626 LlamaLend vault; lenders supply crvUSD borrowed against sreUSD collateral via LLAMMA.,26262798,0.39,0.99,1.53,1.39,"depeg_risk,liquidation_risk","ChainSecurity, MixBytes",instant (subject to utilization),0xc32b0cf36e06c790a568667a17de80cba95a5aad,https://defillama.com/yields/pool/fc689839-abf0-4649-a9dc-8a4778550f4b,stable,2,Bajo,https://www.curve.finance/lend/ethereum/markets/,Tier 1
XAUE XAUt Vault (tmXAUt-XAUE),TermMax,lending,XAUt,ERC-4626 curated vault; curator lends deposited XAUt (Tether Gold) across TermMax fixed-term lending markets.,26003076,0,n/a,0.0,0,"liquidation_risk,centralized_dependency,smart_contract_unaudited",none found,instant (subject to utilization),0x7fb02aea6f04d44a61e413fa220caf18dcd626fb,https://defillama.com/yields/pool/0cf495c5-6dd4-4780-8651-7cce374280ed,alt,7,Alto,https://app.termmax.ts.finance/earn/eth/0x7fb02aea6f04d44a61e413fa220caf18dcd626fb?chain=eth,Tier 3
Smokehouse USDT,Morpho,lending,USDT,MetaMorpho curated USDT lending vault across Morpho Blue markets (Steakhouse Smokehouse curator),25565504,6.1,0,5.77,4.6,"depeg_risk,liquidation_risk,centralized_dependency","Spearbit, OpenZeppelin, Cantina",instant (subject to utilization),0xa0804346780b4c2e3be118ac957d1db82f9d7484,https://defillama.com/yields/pool/c743eac6-1906-4d96-a7aa-667426ec3cc7,stable,3,Medio,https://app.morpho.org/ethereum/vault/0xA0804346780b4c2e3bE118ac957D1DB82F9d7484,Tier 1
Grove x Steakhouse High Yield AUSD,Morpho,lending,AUSD,MetaMorpho curated high-yield AUSD lending vault across Morpho Blue markets (Grove x Steakhouse),25107729,3.15,0,3.15,3.62,"depeg_risk,liquidation_risk,centralized_dependency","Spearbit, OpenZeppelin, Cantina",instant (subject to utilization),0xbeeffff0629438ad198c47f80d66fa4be5c0caf6,https://defillama.com/yields/pool/2e059959-972a-4c13-bdc8-83d3133081b4,stable,3,Medio,https://app.morpho.org/ethereum/vault/0xbeEffff0629438aD198c47F80d66FA4Be5C0caF6,Tier 1
